config_name,run_index,prompt_id,prompt_chars,max_tokens,temperature,ttft_s,tpot_s,total_time_s,output_tokens,stream_chunks,token_count_method,generated_text_preview
batch_b256_ub256_t4_c2048,1,P01,73,100,0.0,0.301113,0.020546,2.335521,100,100,usage.completion_tokens,"**Прогрессивная нагрузка** (или прогрессивный рост) — это метод тренировки, при котором интенсивность и объем упражнений постепенно увеличиваются в течение одного цикла тренировок.\n\nВ отличие от статической нагрузки (где вы повторяете одни и те же упражнения), прогрессивная нагрузка предполагает:\n1."
batch_b256_ub256_t4_c2048,1,P02,112,100,0.0,0.252381,0.021439,2.375065,100,98,usage.completion_tokens,"Вот краткий недельный план тренировок для новичка, ориентированный на улучшение общей физической формы. Этот план построен на принципах **повторений (повторных тренировок)** и **сбалансированного распределения нагрузки**, чтобы минимизировать риск травм и обеспечить постепенное развитие мышечной мас"
batch_b256_ub256_t4_c2048,1,P03,134,100,0.0,0.287908,0.021097,2.376757,100,100,usage.completion_tokens,"Поскольку пользователь выполнил три тренировки за неделю с умеренной нагрузкой, это отличный момент для перехода от «базового» плана к более динамичному, но безопасному.\n\nВот безопасная адаптация плана, которая сочетает прогресс-ориентированность с защитой от перегрузки:\n\n### 1. Увеличение интенсивн"
batch_b256_ub256_t4_c2048,1,P04,136,100,0.0,0.272567,0.020452,2.297688,100,100,usage.completion_tokens,"Ваша жалоба о усталости после тренировок — это распространенное явление, которое часто вызвано перегрузкой организма или недостаточностью восстановления. Поскольку вы не имеете медицинских рекомендаций, мы можем предложить несколько стратегий для корректировки тренировочного плана, основанных на физ"
batch_b256_ub256_t4_c2048,1,P05,102,100,0.0,0.247653,0.020585,2.285800,100,100,usage.completion_tokens,"Вот сравнение стратегии поддержания текущей нагрузки и постепенного увеличения нагрузки в контексте тренировочного плана.\n\n### 1. Стратегия поддержания текущей нагрузки (Стабильность)\n\n**Цель:** Предотвращение перегрузки, сохранение мышечной силы и функциональной гибкости.\n\n*   **Механизм:** Использ"
batch_b256_ub256_t4_c2048,2,P01,73,100,0.0,0.262431,0.020384,2.280881,100,100,usage.completion_tokens,"**Прогрессивная нагрузка** (или прогрессивный рост) — это метод тренировки, при котором интенсивность и объем упражнений постепенно увеличиваются в течение одного цикла тренировок.\n\nВ отличие от статической нагрузки (где вы повторяете одни и те же упражнения), прогрессивная нагрузка предполагает:\n1."
batch_b256_ub256_t4_c2048,2,P02,112,100,0.0,0.261572,0.021411,2.381546,100,98,usage.completion_tokens,"Вот краткий недельный план тренировок для новичка, ориентированный на улучшение общей физической формы. Этот план построен на принципах **повторений (повторных тренировок)** и **сбалансированного распределения нагрузки**, чтобы минимизировать риск травм и обеспечить постепенное развитие мышечной мас"
batch_b256_ub256_t4_c2048,2,P03,134,100,0.0,0.298592,0.020816,2.359562,100,100,usage.completion_tokens,"Поскольку пользователь выполнил три тренировки за неделю с умеренной нагрузкой, это отличный момент для перехода от «базового» плана к более динамичному, но безопасному.\n\nВот безопасная адаптация плана, которая сочетает прогресс-ориентированность с защитой от перегрузки:\n\n### 1. Увеличение интенсивн"
batch_b256_ub256_t4_c2048,2,P04,136,100,0.0,0.291320,0.021000,2.370748,100,100,usage.completion_tokens,"Ваша жалоба о усталости после тренировок — это распространенное явление, которое часто вызвано перегрузкой организма или недостаточностью восстановления. Поскольку вы не имеете медицинских рекомендаций, мы можем предложить несколько стратегий для корректировки тренировочного плана, основанных на физ"
batch_b256_ub256_t4_c2048,2,P05,102,100,0.0,0.267610,0.020709,2.318268,100,100,usage.completion_tokens,"Вот сравнение стратегии поддержания текущей нагрузки и постепенного увеличения нагрузки в контексте тренировочного плана.\n\n### 1. Стратегия поддержания текущей нагрузки (Стабильность)\n\n**Цель:** Предотвращение перегрузки, сохранение мышечной силы и функциональной гибкости.\n\n*   **Механизм:** Использ"
batch_b256_ub256_t4_c2048,3,P01,73,100,0.0,0.257801,0.022163,2.452121,100,100,usage.completion_tokens,"**Прогрессивная нагрузка** (или прогрессивный рост) — это метод тренировки, при котором интенсивность и объем упражнений постепенно увеличиваются в течение одного цикла тренировок.\n\nВ отличие от статической нагрузки (где вы повторяете одни и те же упражнения), прогрессивная нагрузка предполагает:\n1."
batch_b256_ub256_t4_c2048,3,P02,112,100,0.0,0.258007,0.022865,2.521824,100,98,usage.completion_tokens,"Вот краткий недельный план тренировок для новичка, ориентированный на улучшение общей физической формы. Этот план построен на принципах **повторений (повторных тренировок)** и **сбалансированного распределения нагрузки**, чтобы минимизировать риск травм и обеспечить постепенное развитие мышечной мас"
batch_b256_ub256_t4_c2048,3,P03,134,100,0.0,0.310231,0.022772,2.564897,100,100,usage.completion_tokens,"Поскольку пользователь выполнил три тренировки за неделю с умеренной нагрузкой, это отличный момент для перехода от «базового» плана к более динамичному, но безопасному.\n\nВот безопасная адаптация плана, которая сочетает прогресс-ориентированность с защитой от перегрузки:\n\n### 1. Увеличение интенсивн"
batch_b256_ub256_t4_c2048,3,P04,136,100,0.0,0.318759,0.023379,2.633550,100,100,usage.completion_tokens,"Ваша жалоба о усталости после тренировок — это распространенное явление, которое часто вызвано перегрузкой организма или недостаточностью восстановления. Поскольку вы не имеете медицинских рекомендаций, мы можем предложить несколько стратегий для корректировки тренировочного плана, основанных на физ"
batch_b256_ub256_t4_c2048,3,P05,102,100,0.0,0.248375,0.021910,2.417840,100,100,usage.completion_tokens,"Вот сравнение стратегии поддержания текущей нагрузки и постепенного увеличения нагрузки в контексте тренировочного плана.\n\n### 1. Стратегия поддержания текущей нагрузки (Стабильность)\n\n**Цель:** Предотвращение перегрузки, сохранение мышечной силы и функциональной гибкости.\n\n*   **Механизм:** Использ"
